tracer,mode,target_mean,reference_mean,suvr,scaled_value,scaled_units
FBP,amyloid,1496.8603710003467,722.0131078011963,2.073176172048807,212.17838827641006,Centiloid
